{"cameraMode":{"drawMode":0,"name":"Shaded","section":"Shading Mode"},"sceneLighting":false,"audioPlay":false,"sceneViewState":{"m_AlwaysRefresh":false,"showFog":true,"showSkybox":false,"showFlares":true,"showImageEffects":true,"showParticleSystems":true,"showVisualEffectGraphs":true,"m_FxEnabled":false},"in2DMode":false,"pivot":{"x":-4.470348358154297e-7,"y":0.8698951601982117,"z":-0.11088156700134278},"rotation":{"x":-0.004487344063818455,"y":-0.9420130252838135,"z":0.013050791807472706,"w":-0.3356921970844269},"size":2.3438620567321779,"orthographic":true}